params,accuracy,f1_score
300-0.01-8,0.8181818181818182,0.8
300-0.01-16,0.8181818181818182,0.8
300-0.05-8,0.7272727272727273,0.6666666666666666
300-0.05-16,0.8181818181818182,0.8
600-0.01-8,0.8181818181818182,0.8
600-0.01-16,0.8181818181818182,0.8
600-0.05-8,0.6363636363636364,0.5
600-0.05-16,0.8181818181818182,0.8
