params,accuracy,f1_score
300-0.01-8,0.5,0.2857142857142857
300-0.01-16,0.5,0.2857142857142857
300-0.05-8,0.5,0.2857142857142857
300-0.05-16,0.5,0.2857142857142857
600-0.01-8,0.5,0.2857142857142857
600-0.01-16,0.5,0.2857142857142857
600-0.05-8,0.6,0.5
600-0.05-16,0.5,0.2857142857142857
