params,accuracy,f1_score
300-0.01-8,0.8421052631578947,0.4
300-0.01-16,0.8421052631578947,0.4
300-0.05-8,0.8947368421052632,0.6666666666666666
300-0.05-16,0.8947368421052632,0.6666666666666666
600-0.01-8,0.8947368421052632,0.6666666666666666
600-0.01-16,0.8421052631578947,0.4
600-0.05-8,0.8947368421052632,0.6666666666666666
600-0.05-16,0.8947368421052632,0.6666666666666666
