params,accuracy,f1_score
300-0.01-8,0.8888888888888888,0.6666666666666666
300-0.01-16,0.8888888888888888,0.6666666666666666
300-0.05-8,0.7777777777777778,0.0
300-0.05-16,0.8888888888888888,0.6666666666666666
600-0.01-8,0.8888888888888888,0.6666666666666666
600-0.01-16,0.8888888888888888,0.6666666666666666
600-0.05-8,0.7777777777777778,0.0
600-0.05-16,0.8888888888888888,0.6666666666666666
