params,accuracy,f1_score
300-0.01-8,0.6666666666666666,0.64
300-0.01-16,0.6666666666666666,0.6666666666666666
300-0.05-8,0.6296296296296297,0.6153846153846154
300-0.05-16,0.5925925925925926,0.5925925925925926
600-0.01-8,0.6666666666666666,0.64
600-0.01-16,0.6666666666666666,0.64
600-0.05-8,0.6296296296296297,0.6428571428571429
600-0.05-16,0.5925925925925926,0.5925925925925926
