params,accuracy,f1_score
300-0.01-8,0.875,0.9090909090909091
300-0.01-16,0.875,0.9090909090909091
300-0.05-8,0.8333333333333334,0.875
300-0.05-16,0.8333333333333334,0.875
600-0.01-8,0.8333333333333334,0.875
600-0.01-16,0.8333333333333334,0.875
600-0.05-8,0.8333333333333334,0.875
600-0.05-16,0.8333333333333334,0.875
