params,accuracy,f1_score
300-0.01-8,0.7647058823529411,0.6
300-0.01-16,0.7647058823529411,0.6
300-0.05-8,0.7647058823529411,0.6
300-0.05-16,0.7647058823529411,0.6
600-0.01-8,0.7647058823529411,0.6
600-0.01-16,0.7647058823529411,0.6
600-0.05-8,0.7647058823529411,0.6
600-0.05-16,0.7647058823529411,0.6
