params,accuracy,f1_score
300-0.01-8,0.9622641509433962,0.5
300-0.01-16,1.0,1.0
300-0.05-8,0.9622641509433962,0.5
300-0.05-16,0.9622641509433962,0.5
600-0.01-8,0.9622641509433962,0.5
600-0.01-16,0.9622641509433962,0.5
600-0.05-8,0.9622641509433962,0.5
600-0.05-16,0.9622641509433962,0.5
