params,accuracy,f1_score
300-0.01-8,0.9090909090909091,0.6666666666666666
300-0.01-16,0.9090909090909091,0.6666666666666666
300-0.05-8,0.9090909090909091,0.6666666666666666
300-0.05-16,0.9090909090909091,0.6666666666666666
600-0.01-8,0.9090909090909091,0.6666666666666666
600-0.01-16,0.9090909090909091,0.6666666666666666
600-0.05-8,0.9090909090909091,0.6666666666666666
600-0.05-16,0.9090909090909091,0.6666666666666666
