params,accuracy,f1_score
300-0.01-8,0.8055555555555556,0.0
300-0.01-16,0.8055555555555556,0.0
300-0.05-8,0.8055555555555556,0.0
300-0.05-16,0.8055555555555556,0.0
600-0.01-8,0.8055555555555556,0.0
600-0.01-16,0.8055555555555556,0.0
600-0.05-8,0.8333333333333334,0.25
600-0.05-16,0.8055555555555556,0.0
