params,accuracy,f1_score
300-0.01-8,0.7586206896551724,0.46153846153846156
300-0.01-16,0.7931034482758621,0.45454545454545453
300-0.05-8,0.7068965517241379,0.45161290322580644
300-0.05-16,0.6896551724137931,0.35714285714285715
600-0.01-8,0.7758620689655172,0.48
600-0.01-16,0.7413793103448276,0.4444444444444444
600-0.05-8,0.7068965517241379,0.48484848484848486
600-0.05-16,0.6896551724137931,0.35714285714285715
