params,accuracy,f1_score
300-0.01-8,0.5507246376811594,0.5373134328358209
300-0.01-16,0.5652173913043478,0.5714285714285714
300-0.05-8,0.5507246376811594,0.5507246376811594
300-0.05-16,0.5652173913043478,0.5714285714285714
600-0.01-8,0.5362318840579711,0.5294117647058824
600-0.01-16,0.5652173913043478,0.5833333333333334
600-0.05-8,0.5797101449275363,0.5915492957746479
600-0.05-16,0.5652173913043478,0.5714285714285714
