params,accuracy,f1_score
50-0.1-4,1.0,1.0
50-0.1-8,1.0,1.0
50-0.1-16,1.0,1.0
50-0.3-4,1.0,1.0
50-0.3-8,1.0,1.0
50-0.3-16,1.0,1.0
100-0.1-4,1.0,1.0
100-0.1-8,1.0,1.0
100-0.1-16,1.0,1.0
100-0.3-4,1.0,1.0
100-0.3-8,1.0,1.0
100-0.3-16,1.0,1.0
200-0.1-4,1.0,1.0
200-0.1-8,1.0,1.0
200-0.1-16,1.0,1.0
200-0.3-4,0.9895833333333334,0.9885057471264368
200-0.3-8,1.0,1.0
200-0.3-16,1.0,1.0
