params,accuracy,f1_score
300-0.01-8,0.9090909090909091,0.9032258064516129
300-0.01-16,0.9090909090909091,0.9032258064516129
300-0.05-8,0.9393939393939394,0.9375
300-0.05-16,0.9090909090909091,0.9032258064516129
600-0.01-8,0.9393939393939394,0.9375
600-0.01-16,0.9090909090909091,0.9032258064516129
600-0.05-8,0.9090909090909091,0.9090909090909091
600-0.05-16,0.8787878787878788,0.875
