params,accuracy,f1_score
300-0.01-8,0.7096774193548387,0.1
300-0.01-16,0.7096774193548387,0.1
300-0.05-8,0.6612903225806451,0.16
300-0.05-16,0.6774193548387096,0.23076923076923078
600-0.01-8,0.7096774193548387,0.1
600-0.01-16,0.6774193548387096,0.16666666666666666
600-0.05-8,0.6774193548387096,0.2857142857142857
600-0.05-16,0.6935483870967742,0.24
