params,accuracy,f1_score
300-0.01-8,0.7419354838709677,0.8461538461538461
300-0.01-16,0.7741935483870968,0.8627450980392157
300-0.05-8,0.8064516129032258,0.88
300-0.05-16,0.7741935483870968,0.8627450980392157
600-0.01-8,0.7741935483870968,0.8627450980392157
600-0.01-16,0.7741935483870968,0.8627450980392157
600-0.05-8,0.8064516129032258,0.88
600-0.05-16,0.7741935483870968,0.8627450980392157
