params,accuracy,f1_score
300-0.01-8,0.8591549295774648,0.9
300-0.01-16,0.8309859154929577,0.8823529411764706
300-0.05-8,0.8873239436619719,0.9183673469387755
300-0.05-16,0.8450704225352113,0.8910891089108911
600-0.01-8,0.8591549295774648,0.9
600-0.01-16,0.8309859154929577,0.8823529411764706
600-0.05-8,0.8873239436619719,0.9183673469387755
600-0.05-16,0.8591549295774648,0.9
