params,accuracy,f1_score
300-0.01-8,0.75,0.8
300-0.01-16,0.8333333333333334,0.875
300-0.05-8,0.75,0.8
300-0.05-16,0.75,0.8
600-0.01-8,0.75,0.8
600-0.01-16,0.75,0.8
600-0.05-8,0.75,0.8
600-0.05-16,0.6666666666666666,0.7142857142857143
