params,accuracy,f1_score
300-0.01-8,0.9444444444444444,0.8888888888888888
300-0.01-16,0.9444444444444444,0.8888888888888888
300-0.05-8,0.7777777777777778,0.6
300-0.05-16,0.8333333333333334,0.6666666666666666
600-0.01-8,0.9444444444444444,0.8888888888888888
600-0.01-16,0.8888888888888888,0.8
600-0.05-8,0.7222222222222222,0.5454545454545454
600-0.05-16,0.8333333333333334,0.6666666666666666
