params,accuracy,f1_score
300-0.01-8,0.9090909090909091,0.8888888888888888
300-0.01-16,0.8636363636363636,0.8235294117647058
300-0.05-8,0.8636363636363636,0.8421052631578947
300-0.05-16,0.8636363636363636,0.8235294117647058
600-0.01-8,0.9090909090909091,0.8888888888888888
600-0.01-16,0.8636363636363636,0.8235294117647058
600-0.05-8,0.9090909090909091,0.8888888888888888
600-0.05-16,0.9545454545454546,0.9411764705882353
