params,accuracy,f1_score
300-0.01-8,0.14285714285714285,0.25
300-0.01-16,0.14285714285714285,0.25
300-0.05-8,0.14285714285714285,0.25
300-0.05-16,0.14285714285714285,0.25
600-0.01-8,0.14285714285714285,0.25
600-0.01-16,0.14285714285714285,0.25
600-0.05-8,0.14285714285714285,0.25
600-0.05-16,0.14285714285714285,0.25
