params,accuracy,f1_score
300-0.01-8,0.7222222222222222,0.0
300-0.01-16,0.7222222222222222,0.0
300-0.05-8,0.7222222222222222,0.4444444444444444
300-0.05-16,0.7222222222222222,0.2857142857142857
600-0.01-8,0.7777777777777778,0.5
600-0.01-16,0.7222222222222222,0.0
600-0.05-8,0.6666666666666666,0.4
600-0.05-16,0.7222222222222222,0.2857142857142857
