params,accuracy,f1_score
300-0.01-8,0.95,0.9473684210526315
300-0.01-16,0.975,0.9743589743589743
300-0.05-8,0.95,0.95
300-0.05-16,0.95,0.9473684210526315
600-0.01-8,0.95,0.9473684210526315
600-0.01-16,0.95,0.9473684210526315
600-0.05-8,0.975,0.9743589743589743
600-0.05-16,0.975,0.9743589743589743
