params,accuracy,f1_score
300-0.01-8,0.88,0.88
300-0.01-16,0.86,0.8627450980392157
300-0.05-8,0.76,0.76
300-0.05-16,0.8,0.8076923076923077
600-0.01-8,0.84,0.8461538461538461
600-0.01-16,0.86,0.8627450980392157
600-0.05-8,0.76,0.76
600-0.05-16,0.78,0.7924528301886793
