params,accuracy,f1_score
300-0.01-8,0.9047619047619048,0.8823529411764706
300-0.01-16,0.8809523809523809,0.8571428571428571
300-0.05-8,0.9047619047619048,0.8823529411764706
300-0.05-16,0.8571428571428571,0.8235294117647058
600-0.01-8,0.9047619047619048,0.8823529411764706
600-0.01-16,0.8809523809523809,0.8571428571428571
600-0.05-8,0.9047619047619048,0.8823529411764706
600-0.05-16,0.8809523809523809,0.8571428571428571
