params,accuracy,f1_score
300-0.01-8,0.8148148148148148,0.8837209302325582
300-0.01-16,0.8333333333333334,0.896551724137931
300-0.05-8,0.7962962962962963,0.8705882352941177
300-0.05-16,0.7962962962962963,0.8705882352941177
600-0.01-8,0.8333333333333334,0.896551724137931
600-0.01-16,0.8148148148148148,0.8837209302325582
600-0.05-8,0.7962962962962963,0.8705882352941177
600-0.05-16,0.8333333333333334,0.896551724137931
