params,accuracy,f1_score
300-0.01-8,0.9571428571428572,0.9719626168224299
300-0.01-16,0.9285714285714286,0.9523809523809523
300-0.05-8,0.9285714285714286,0.9523809523809523
300-0.05-16,0.8857142857142857,0.9215686274509803
600-0.01-8,0.9428571428571428,0.9622641509433962
600-0.01-16,0.9285714285714286,0.9523809523809523
600-0.05-8,0.9285714285714286,0.9523809523809523
600-0.05-16,0.8857142857142857,0.9215686274509803
