params,accuracy,f1_score
"(64, 32)-0.001-300",1.0,1.0
"(64, 32)-0.001-500",1.0,1.0
"(64, 32)-0.0005-300",1.0,1.0
"(64, 32)-0.0005-500",1.0,1.0
"(128, 64)-0.001-300",1.0,1.0
"(128, 64)-0.001-500",0.95,0.967741935483871
"(128, 64)-0.0005-300",1.0,1.0
"(128, 64)-0.0005-500",1.0,1.0
"(256, 128)-0.001-300",0.95,0.967741935483871
"(256, 128)-0.001-500",0.95,0.967741935483871
"(256, 128)-0.0005-300",1.0,1.0
"(256, 128)-0.0005-500",1.0,1.0
