params,accuracy,f1_score
"(64, 32)-0.001-300",0.5,0.2857142857142857
"(64, 32)-0.001-500",0.6,0.6
"(64, 32)-0.0005-300",0.6,0.75
"(64, 32)-0.0005-500",0.6,0.75
"(128, 64)-0.001-300",0.6,0.75
"(128, 64)-0.001-500",0.5,0.2857142857142857
"(128, 64)-0.0005-300",0.5,0.2857142857142857
"(128, 64)-0.0005-500",0.6,0.75
"(256, 128)-0.001-300",0.6,0.75
"(256, 128)-0.001-500",0.6,0.7142857142857143
"(256, 128)-0.0005-300",0.5,0.2857142857142857
"(256, 128)-0.0005-500",0.5,0.2857142857142857
