params,accuracy,f1_score
"(64, 32)-0.001-50",1.0,1.0
"(64, 32)-0.001-100",1.0,1.0
"(64, 32)-0.0005-50",0.875,0.8571428571428571
"(64, 32)-0.0005-100",1.0,1.0
"(128, 64)-0.001-50",1.0,1.0
"(128, 64)-0.001-100",1.0,1.0
"(128, 64)-0.0005-50",0.96875,0.9629629629629629
"(128, 64)-0.0005-100",1.0,1.0
"(256, 128)-0.001-50",1.0,1.0
"(256, 128)-0.001-100",1.0,1.0
"(256, 128)-0.0005-50",1.0,1.0
"(256, 128)-0.0005-100",1.0,1.0
