params,accuracy,f1_score
5-32,0.8,0.8333333333333334
5-64,0.8,0.8333333333333334
5-128,0.8,0.8333333333333334
10-32,0.8,0.8333333333333334
10-64,0.7,0.7692307692307693
10-128,0.8,0.8333333333333334
20-32,0.8,0.8333333333333334
20-64,0.8,0.8333333333333334
20-128,0.6,0.6666666666666666
