params,accuracy,f1_score
5-32,0.95,0.967741935483871
5-64,0.95,0.967741935483871
5-128,0.95,0.967741935483871
10-32,0.95,0.967741935483871
10-64,0.95,0.967741935483871
10-128,0.95,0.967741935483871
20-32,0.95,0.967741935483871
20-64,0.95,0.967741935483871
20-128,0.95,0.967741935483871
