params,accuracy,f1_score
5-32,0.6296296296296297,0.6153846153846154
5-64,0.5925925925925926,0.5925925925925926
5-128,0.5555555555555556,0.5714285714285714
10-32,0.5925925925925926,0.56
10-64,0.5185185185185185,0.5517241379310345
10-128,0.6296296296296297,0.6153846153846154
20-32,0.6296296296296297,0.6428571428571429
20-64,0.5185185185185185,0.5517241379310345
20-128,0.5925925925925926,0.5925925925925926
