params,accuracy,f1_score
5-32,0.3157894736842105,0.48
5-64,0.3157894736842105,0.48
5-128,0.3157894736842105,0.48
10-32,0.3157894736842105,0.48
10-64,0.3157894736842105,0.48
10-128,0.6842105263157895,0.0
20-32,0.6842105263157895,0.0
20-64,0.3157894736842105,0.48
20-128,0.3157894736842105,0.48
