params,accuracy,f1_score
5-32,0.47058823529411764,0.64
5-64,0.5294117647058824,0.6666666666666666
5-128,0.47058823529411764,0.64
10-32,0.8235294117647058,0.8235294117647058
10-64,0.47058823529411764,0.64
10-128,0.47058823529411764,0.64
20-32,0.5294117647058824,0.0
20-64,0.5294117647058824,0.0
20-128,0.5294117647058824,0.0
