params,accuracy,f1_score
5-32,0.7272727272727273,0.7272727272727273
5-64,0.7272727272727273,0.7272727272727273
5-128,0.7272727272727273,0.7272727272727273
10-32,0.7272727272727273,0.7272727272727273
10-64,0.7272727272727273,0.7272727272727273
10-128,0.7272727272727273,0.7272727272727273
20-32,0.7272727272727273,0.7272727272727273
20-64,0.7272727272727273,0.7272727272727273
20-128,0.7272727272727273,0.7272727272727273
