params,accuracy,f1_score
5-32,0.7083333333333334,0.8205128205128205
5-64,0.625,0.7272727272727273
5-128,0.75,0.8421052631578947
10-32,0.7083333333333334,0.8108108108108109
10-64,0.7083333333333334,0.8108108108108109
10-128,0.75,0.8571428571428571
20-32,0.7083333333333334,0.8205128205128205
20-64,0.75,0.8421052631578947
20-128,0.7083333333333334,0.8108108108108109
