params,accuracy,f1_score
5-32,0.9245283018867925,0.6
5-64,0.9433962264150944,0.7272727272727273
5-128,0.9433962264150944,0.7272727272727273
10-32,0.9433962264150944,0.7272727272727273
10-64,0.9245283018867925,0.6
10-128,0.9245283018867925,0.6
20-32,0.9245283018867925,0.6
20-64,0.9622641509433962,0.8
20-128,0.9433962264150944,0.7272727272727273
