params,accuracy,f1_score
5-32,0.7727272727272727,0.2857142857142857
5-64,0.8181818181818182,0.5
5-128,0.8636363636363636,0.5714285714285714
10-32,0.7272727272727273,0.4
10-64,0.8636363636363636,0.5714285714285714
10-128,0.7727272727272727,0.2857142857142857
20-32,0.7727272727272727,0.4444444444444444
20-64,0.8181818181818182,0.5
20-128,0.7727272727272727,0.2857142857142857
