params,accuracy,f1_score
5-32,0.7777777777777778,0.2
5-64,0.8333333333333334,0.5
5-128,0.8055555555555556,0.2222222222222222
10-32,0.7777777777777778,0.3333333333333333
10-64,0.7777777777777778,0.2
10-128,0.8611111111111112,0.5454545454545454
20-32,0.8333333333333334,0.5
20-64,0.8333333333333334,0.4
20-128,0.8333333333333334,0.5
