params,accuracy,f1_score
5-32,0.5238095238095238,0.0
5-64,0.5238095238095238,0.0
5-128,0.5238095238095238,0.0
10-32,0.47619047619047616,0.6451612903225806
10-64,0.5238095238095238,0.0
10-128,0.47619047619047616,0.6451612903225806
20-32,0.5238095238095238,0.0
20-64,0.47619047619047616,0.6451612903225806
20-128,0.47619047619047616,0.6451612903225806
