params,accuracy,f1_score
5-32,0.8275862068965517,0.375
5-64,0.7931034482758621,0.25
5-128,0.7586206896551724,0.36363636363636365
10-32,0.7931034482758621,0.5
10-64,0.7586206896551724,0.36363636363636365
10-128,0.8103448275862069,0.35294117647058826
20-32,0.8275862068965517,0.375
20-64,0.7758620689655172,0.38095238095238093
20-128,0.7413793103448276,0.4444444444444444
