params,accuracy,f1_score
5-32,0.5797101449275363,0.4727272727272727
5-64,0.4492753623188406,0.62
5-128,0.6086956521739131,0.5423728813559322
10-32,0.5652173913043478,0.6052631578947368
10-64,0.4492753623188406,0.62
10-128,0.6231884057971014,0.5666666666666667
20-32,0.5797101449275363,0.5671641791044776
20-64,0.5652173913043478,0.4230769230769231
20-128,0.4492753623188406,0.62
