params,accuracy,f1_score
5-32,0.4270833333333333,0.5985401459854015
5-64,0.5729166666666666,0.0
5-128,0.5729166666666666,0.0
10-32,0.4270833333333333,0.5985401459854015
10-64,0.5729166666666666,0.0
10-128,0.4270833333333333,0.5985401459854015
20-32,0.9166666666666666,0.9024390243902439
20-64,0.5729166666666666,0.0
20-128,0.8541666666666666,0.7941176470588235
