params,accuracy,f1_score
5-32,0.5454545454545454,0.0
5-64,0.5454545454545454,0.0
5-128,0.5454545454545454,0.0
10-32,0.5454545454545454,0.0
10-64,0.5454545454545454,0.0
10-128,0.45454545454545453,0.625
20-32,0.5454545454545454,0.0
20-64,0.5757575757575758,0.125
20-128,0.5454545454545454,0.0
