params,accuracy,f1_score
5-32,0.6935483870967742,0.24
5-64,0.6612903225806451,0.3225806451612903
5-128,0.7258064516129032,0.19047619047619047
10-32,0.6451612903225806,0.3125
10-64,0.6935483870967742,0.24
10-128,0.7258064516129032,0.32
20-32,0.7096774193548387,0.4
20-64,0.6774193548387096,0.3333333333333333
20-128,0.6129032258064516,0.29411764705882354
