params,accuracy,f1_score
5-32,0.8064516129032258,0.8695652173913043
5-64,0.8387096774193549,0.8888888888888888
5-128,0.8064516129032258,0.875
10-32,0.7741935483870968,0.8571428571428571
10-64,0.7419354838709677,0.8260869565217391
10-128,0.8387096774193549,0.8888888888888888
20-32,0.7741935483870968,0.851063829787234
20-64,0.8064516129032258,0.875
20-128,0.7741935483870968,0.851063829787234
