params,accuracy,f1_score
5-32,0.9154929577464789,0.9361702127659575
5-64,0.9295774647887324,0.946236559139785
5-128,0.9154929577464789,0.9361702127659575
10-32,0.9295774647887324,0.946236559139785
10-64,0.9154929577464789,0.9347826086956522
10-128,0.9295774647887324,0.946236559139785
20-32,0.9295774647887324,0.945054945054945
20-64,0.9154929577464789,0.9347826086956522
20-128,0.8873239436619719,0.9148936170212766
