params,accuracy,f1_score
5-32,0.78,0.7555555555555555
5-64,0.74,0.74
5-128,0.69,0.651685393258427
10-32,0.8,0.7674418604651163
10-64,0.59,0.6821705426356589
10-128,0.68,0.7241379310344828
20-32,0.74,0.6176470588235294
20-64,0.79,0.6956521739130435
20-128,0.89,0.8791208791208791
