params,accuracy,f1_score
5-32,0.6111111111111112,0.2222222222222222
5-64,0.4444444444444444,0.6153846153846154
5-128,0.6666666666666666,0.4
10-32,0.6111111111111112,0.2222222222222222
10-64,0.6666666666666666,0.4
10-128,0.6111111111111112,0.2222222222222222
20-32,0.7222222222222222,0.5454545454545454
20-64,0.6666666666666666,0.4
20-128,0.4444444444444444,0.6153846153846154
