params,accuracy,f1_score
5-32,0.7727272727272727,0.7368421052631579
5-64,0.8636363636363636,0.8
5-128,0.8636363636363636,0.7692307692307693
10-32,0.9090909090909091,0.8571428571428571
10-64,0.7272727272727273,0.7
10-128,0.7727272727272727,0.7058823529411765
20-32,0.9090909090909091,0.8571428571428571
20-64,0.8636363636363636,0.7692307692307693
20-128,0.8181818181818182,0.7777777777777778
