params,accuracy,f1_score
5-32,0.9615384615384616,0.9565217391304348
5-64,0.9615384615384616,0.9565217391304348
5-128,0.8461538461538461,0.8
10-32,1.0,1.0
10-64,0.9615384615384616,0.96
10-128,1.0,1.0
20-32,0.8846153846153846,0.8695652173913043
20-64,0.9615384615384616,0.9565217391304348
20-128,0.9230769230769231,0.9230769230769231
