params,accuracy,f1_score
5-32,0.2857142857142857,0.0
5-64,0.14285714285714285,0.25
5-128,0.2857142857142857,0.2857142857142857
10-32,0.14285714285714285,0.25
10-64,0.14285714285714285,0.0
10-128,0.14285714285714285,0.0
20-32,0.42857142857142855,0.5
20-64,0.14285714285714285,0.0
20-128,0.2857142857142857,0.2857142857142857
