params,accuracy,f1_score
5-32,0.9,0.8936170212765957
5-64,0.92,0.9130434782608695
5-128,0.94,0.9333333333333333
10-32,0.86,0.8627450980392157
10-64,0.9,0.8888888888888888
10-128,0.94,0.9302325581395349
20-32,0.94,0.9333333333333333
20-64,0.9,0.8936170212765957
20-128,0.92,0.9130434782608695
