params,accuracy,f1_score
5-32,0.7311827956989247,0.6575342465753424
5-64,0.7419354838709677,0.5714285714285714
5-128,0.7419354838709677,0.5714285714285714
10-32,0.7419354838709677,0.625
10-64,0.7096774193548387,0.5714285714285714
10-128,0.7526881720430108,0.6461538461538462
20-32,0.6881720430107527,0.6027397260273972
20-64,0.6451612903225806,0.47619047619047616
20-128,0.7204301075268817,0.6285714285714286
