params,accuracy,f1_score
5-32,0.8571428571428571,0.8235294117647058
5-64,0.7619047619047619,0.6666666666666666
5-128,0.8095238095238095,0.75
10-32,0.7380952380952381,0.6206896551724138
10-64,0.6666666666666666,0.7083333333333334
10-128,0.8333333333333334,0.8205128205128205
20-32,0.8571428571428571,0.8333333333333334
20-64,0.7619047619047619,0.6666666666666666
20-128,0.7857142857142857,0.8
