params,accuracy,f1_score
5-32,0.8148148148148148,0.8837209302325582
5-64,0.7407407407407407,0.8333333333333334
5-128,0.7962962962962963,0.8735632183908046
10-32,0.7777777777777778,0.8604651162790697
10-64,0.7592592592592593,0.8470588235294118
10-128,0.7592592592592593,0.8505747126436781
20-32,0.7592592592592593,0.8505747126436781
20-64,0.7592592592592593,0.8505747126436781
20-128,0.7777777777777778,0.8604651162790697
