params,accuracy,f1_score
5-32,0.6571428571428571,0.7931034482758621
5-64,0.6571428571428571,0.7931034482758621
5-128,0.6571428571428571,0.7931034482758621
10-32,0.6571428571428571,0.7931034482758621
10-64,0.6571428571428571,0.7931034482758621
10-128,0.6571428571428571,0.7931034482758621
20-32,0.6571428571428571,0.7931034482758621
20-64,0.6571428571428571,0.7931034482758621
20-128,0.6571428571428571,0.7931034482758621
