params,accuracy,f1_score
16-4-2,0.75,0.8571428571428571
16-4-4,0.9,0.9285714285714286
16-8-2,1.0,1.0
16-8-4,0.9,0.9285714285714286
32-4-2,0.95,0.9655172413793104
32-4-4,0.95,0.9655172413793104
32-8-2,1.0,1.0
32-8-4,0.95,0.9655172413793104
