params,accuracy,f1_score
16-4-2,0.7272727272727273,0.7692307692307693
16-4-4,0.8181818181818182,0.8571428571428571
16-8-2,0.8181818181818182,0.875
16-8-4,0.6363636363636364,0.7142857142857143
32-4-2,0.8181818181818182,0.875
32-4-4,0.5454545454545454,0.5454545454545454
32-8-2,0.7272727272727273,0.8
32-8-4,0.6363636363636364,0.6666666666666666
