params,accuracy,f1_score
16-4-2,0.47058823529411764,0.6086956521739131
16-4-4,0.5882352941176471,0.0
16-8-2,0.5882352941176471,0.0
16-8-4,0.6470588235294118,0.5
32-4-2,0.5882352941176471,0.0
32-4-4,0.5882352941176471,0.0
32-8-2,0.5882352941176471,0.0
32-8-4,0.8235294117647058,0.8235294117647058
