params,accuracy,f1_score
16-4-2,0.7368421052631579,0.0
16-4-4,0.7368421052631579,0.0
16-8-2,0.7368421052631579,0.0
16-8-4,0.7368421052631579,0.0
32-4-2,0.7368421052631579,0.0
32-4-4,0.7368421052631579,0.0
32-8-2,0.7368421052631579,0.0
32-8-4,0.7368421052631579,0.0
