params,accuracy,f1_score
32-4-2,0.8235294117647058,0.6666666666666666
32-4-4,0.8235294117647058,0.6666666666666666
32-8-2,0.7058823529411765,0.5454545454545454
32-8-4,0.7647058823529411,0.6
64-4-2,0.7647058823529411,0.6
64-4-4,0.7647058823529411,0.6
64-8-2,0.7058823529411765,0.5454545454545454
64-8-4,0.7647058823529411,0.6
128-4-2,0.7058823529411765,0.5454545454545454
128-4-4,0.7647058823529411,0.6
128-8-2,0.8235294117647058,0.6666666666666666
128-8-4,0.8235294117647058,0.6666666666666666
