params,accuracy,f1_score
32-4-2,0.7,0.0
32-4-4,0.75,0.2857142857142857
32-8-2,0.8,0.3333333333333333
32-8-4,0.75,0.2857142857142857
64-4-2,0.8,0.3333333333333333
64-4-4,0.9,0.5
64-8-2,0.8,0.3333333333333333
64-8-4,0.8,0.3333333333333333
128-4-2,0.7,0.25
128-4-4,0.85,0.0
128-8-2,0.75,0.2857142857142857
128-8-4,0.8,0.0
