params,accuracy,f1_score
16-4-2,0.45454545454545453,0.5
16-4-4,0.45454545454545453,0.5
16-8-2,0.36363636363636365,0.46153846153846156
16-8-4,0.45454545454545453,0.5
32-4-2,0.45454545454545453,0.5
32-4-4,0.45454545454545453,0.5
32-8-2,0.45454545454545453,0.5
32-8-4,0.5454545454545454,0.6153846153846154
