params,accuracy,f1_score
16-4-2,0.625,0.7428571428571429
16-4-4,0.7083333333333334,0.8292682926829268
16-8-2,0.7083333333333334,0.8292682926829268
16-8-4,0.7083333333333334,0.8292682926829268
32-4-2,0.5416666666666666,0.6451612903225806
32-4-4,0.625,0.7692307692307693
32-8-2,0.7083333333333334,0.8292682926829268
32-8-4,0.625,0.7567567567567568
