params,accuracy,f1_score
32-4-2,0.5,0.4444444444444444
32-4-4,0.6,0.6
32-8-2,0.3,0.2222222222222222
32-8-4,0.5,0.2857142857142857
64-4-2,0.5,0.4444444444444444
64-4-4,0.3,0.0
64-8-2,0.4,0.4
64-8-4,0.4,0.4
128-4-2,0.4,0.4
128-4-4,0.5,0.6666666666666666
128-8-2,0.4,0.0
128-8-4,0.5,0.4444444444444444
