params,accuracy,f1_score
16-4-2,0.5925925925925926,0.6666666666666666
16-4-4,0.5555555555555556,0.6
16-8-2,0.5925925925925926,0.6666666666666666
16-8-4,0.5925925925925926,0.6666666666666666
32-4-2,0.6666666666666666,0.7096774193548387
32-4-4,0.6666666666666666,0.7096774193548387
32-8-2,0.6666666666666666,0.7096774193548387
32-8-4,0.5555555555555556,0.625
