params,accuracy,f1_score
32-4-2,0.75,0.75
32-4-4,0.7916666666666666,0.8
32-8-2,0.7916666666666666,0.8148148148148148
32-8-4,0.75,0.7692307692307693
64-4-2,0.75,0.75
64-4-4,0.7916666666666666,0.8
64-8-2,0.7916666666666666,0.8
64-8-4,0.6666666666666666,0.7142857142857143
128-4-2,0.75,0.7692307692307693
128-4-4,0.8333333333333334,0.8461538461538461
128-8-2,0.75,0.7692307692307693
128-8-4,0.75,0.7692307692307693
