params,accuracy,f1_score
16-4-2,0.5555555555555556,0.6666666666666666
16-4-4,0.48148148148148145,0.5882352941176471
16-8-2,0.5185185185185185,0.6060606060606061
16-8-4,0.5555555555555556,0.6666666666666666
32-4-2,0.5555555555555556,0.6470588235294118
32-4-4,0.5925925925925926,0.6857142857142857
32-8-2,0.5185185185185185,0.6060606060606061
32-8-4,0.5555555555555556,0.6470588235294118
