params,accuracy,f1_score
32-4-2,0.9811320754716981,0.8888888888888888
32-4-4,0.9811320754716981,0.8888888888888888
32-8-2,0.9811320754716981,0.8888888888888888
32-8-4,1.0,1.0
64-4-2,0.9811320754716981,0.8888888888888888
64-4-4,0.9811320754716981,0.8888888888888888
64-8-2,0.9811320754716981,0.8888888888888888
64-8-4,0.9811320754716981,0.8888888888888888
128-4-2,0.9811320754716981,0.8888888888888888
128-4-4,0.9056603773584906,0.0
128-8-2,1.0,1.0
128-8-4,0.9056603773584906,0.0
