params,accuracy,f1_score
16-4-2,0.3,0.46153846153846156
16-4-4,0.3,0.46153846153846156
16-8-2,0.3,0.46153846153846156
16-8-4,0.3,0.46153846153846156
32-4-2,0.3,0.46153846153846156
32-4-4,0.3,0.46153846153846156
32-8-2,0.2,0.3333333333333333
32-8-4,0.3,0.46153846153846156
