params,accuracy,f1_score
16-4-2,0.8636363636363636,0.4
16-4-4,0.8636363636363636,0.6666666666666666
16-8-2,0.9090909090909091,0.6666666666666666
16-8-4,0.8636363636363636,0.4
32-4-2,0.9090909090909091,0.6666666666666666
32-4-4,0.8636363636363636,0.4
32-8-2,0.8636363636363636,0.5714285714285714
32-8-4,0.8636363636363636,0.4
