params,accuracy,f1_score
16-4-2,0.9166666666666666,0.0
16-4-4,0.9166666666666666,0.0
16-8-2,0.9166666666666666,0.0
16-8-4,0.9166666666666666,0.0
32-4-2,0.9166666666666666,0.0
32-4-4,0.9166666666666666,0.0
32-8-2,0.9166666666666666,0.0
32-8-4,0.9166666666666666,0.0
