params,accuracy,f1_score
16-4-2,0.6904761904761905,0.8115942028985508
16-4-4,0.6666666666666666,0.7941176470588235
16-8-2,0.6666666666666666,0.7941176470588235
16-8-4,0.6666666666666666,0.7941176470588235
32-4-2,0.6666666666666666,0.7941176470588235
32-4-4,0.6666666666666666,0.8
32-8-2,0.6666666666666666,0.7941176470588235
32-8-4,0.6666666666666666,0.7941176470588235
