params,accuracy,f1_score
16-4-2,0.5714285714285714,0.7272727272727273
16-4-4,0.5714285714285714,0.7272727272727273
16-8-2,0.5714285714285714,0.7272727272727273
16-8-4,0.5714285714285714,0.7272727272727273
32-4-2,0.5714285714285714,0.7272727272727273
32-4-4,0.5714285714285714,0.7272727272727273
32-8-2,0.5714285714285714,0.7272727272727273
32-8-4,0.6428571428571429,0.7619047619047619
