params,accuracy,f1_score
16-4-2,0.7068965517241379,0.37037037037037035
16-4-4,0.7758620689655172,0.38095238095238093
16-8-2,0.7241379310344828,0.42857142857142855
16-8-4,0.7068965517241379,0.41379310344827586
32-4-2,0.7413793103448276,0.4444444444444444
32-4-4,0.7241379310344828,0.42857142857142855
32-8-2,0.7758620689655172,0.48
32-8-4,0.7413793103448276,0.4827586206896552
