params,accuracy,f1_score
16-4-2,0.7586206896551724,0.5625
16-4-4,0.7241379310344828,0.4666666666666667
16-8-2,0.7758620689655172,0.5517241379310345
16-8-4,0.7241379310344828,0.4666666666666667
32-4-2,0.7068965517241379,0.45161290322580644
32-4-4,0.7586206896551724,0.5625
32-8-2,0.7413793103448276,0.5161290322580645
32-8-4,0.7758620689655172,0.6486486486486487
