params,accuracy,f1_score
16-4-2,0.5217391304347826,0.35294117647058826
16-4-4,0.5362318840579711,0.36
16-8-2,0.5797101449275363,0.4727272727272727
16-8-4,0.5217391304347826,0.35294117647058826
32-4-2,0.6086956521739131,0.5573770491803278
32-4-4,0.5942028985507246,0.5333333333333333
32-8-2,0.5362318840579711,0.38461538461538464
32-8-4,0.5942028985507246,0.5172413793103449
