params,accuracy,f1_score
16-4-2,0.6521739130434783,0.5862068965517241
16-4-4,0.6086956521739131,0.5846153846153846
16-8-2,0.6521739130434783,0.5862068965517241
16-8-4,0.6376811594202898,0.6153846153846154
32-4-2,0.5797101449275363,0.6133333333333333
32-4-4,0.6376811594202898,0.6268656716417911
32-8-2,0.6231884057971014,0.5806451612903226
32-8-4,0.6376811594202898,0.6268656716417911
