params,accuracy,f1_score
16-4-2,0.75,0.7209302325581395
16-4-4,0.8125,0.7692307692307693
16-8-2,0.8229166666666666,0.746268656716418
16-8-4,0.7083333333333334,0.631578947368421
32-4-2,0.8333333333333334,0.8
32-4-4,0.84375,0.810126582278481
32-8-2,0.8541666666666666,0.8205128205128205
32-8-4,0.8229166666666666,0.7848101265822784
