params,accuracy,f1_score
32-4-2,0.96875,0.9662921348314607
32-4-4,0.9791666666666666,0.9782608695652174
32-8-2,1.0,1.0
32-8-4,0.9791666666666666,0.9777777777777777
64-4-2,0.9791666666666666,0.9777777777777777
64-4-4,0.9895833333333334,0.989247311827957
64-8-2,1.0,1.0
64-8-4,1.0,1.0
128-4-2,0.9895833333333334,0.989010989010989
128-4-4,0.9791666666666666,0.9777777777777777
128-8-2,1.0,1.0
128-8-4,1.0,1.0
