params,accuracy,f1_score
16-4-2,0.75,0.7142857142857143
16-4-4,0.875,0.8461538461538461
16-8-2,0.84375,0.8148148148148148
16-8-4,0.84375,0.8
32-4-2,0.96875,0.9629629629629629
32-4-4,0.90625,0.88
32-8-2,0.875,0.8461538461538461
32-8-4,0.9375,0.9166666666666666
