params,accuracy,f1_score
16-4-2,0.45454545454545453,0.0
16-4-4,0.5454545454545454,0.7058823529411765
16-8-2,0.45454545454545453,0.0
16-8-4,0.45454545454545453,0.0
32-4-2,0.45454545454545453,0.0
32-4-4,0.5454545454545454,0.7058823529411765
32-8-2,0.45454545454545453,0.0
32-8-4,0.45454545454545453,0.0
