params,accuracy,f1_score
16-4-2,0.5151515151515151,0.68
16-4-4,0.48484848484848486,0.0
16-8-2,0.48484848484848486,0.0
16-8-4,0.48484848484848486,0.0
32-4-2,0.5151515151515151,0.1111111111111111
32-4-4,0.48484848484848486,0.0
32-8-2,0.48484848484848486,0.0
32-8-4,0.48484848484848486,0.0
