params,accuracy,f1_score
16-4-2,0.6935483870967742,0.3870967741935484
16-4-4,0.6612903225806451,0.0
16-8-2,0.6935483870967742,0.42424242424242425
16-8-4,0.6612903225806451,0.0
32-4-2,0.6935483870967742,0.42424242424242425
32-4-4,0.6612903225806451,0.0
32-8-2,0.6774193548387096,0.4117647058823529
32-8-4,0.7096774193548387,0.4375
