params,accuracy,f1_score
16-4-2,0.6935483870967742,0.0
16-4-4,0.6935483870967742,0.0
16-8-2,0.7096774193548387,0.1
16-8-4,0.6935483870967742,0.0
32-4-2,0.6935483870967742,0.09523809523809523
32-4-4,0.6935483870967742,0.0
32-8-2,0.6935483870967742,0.0
32-8-4,0.6935483870967742,0.0
