params,accuracy,f1_score
16-4-2,0.8064516129032258,0.8928571428571429
16-4-4,0.8064516129032258,0.8928571428571429
16-8-2,0.8064516129032258,0.8928571428571429
16-8-4,0.8064516129032258,0.8928571428571429
32-4-2,0.8064516129032258,0.8928571428571429
32-4-4,0.8064516129032258,0.8928571428571429
32-8-2,0.8064516129032258,0.8928571428571429
32-8-4,0.7741935483870968,0.8571428571428571
