params,accuracy,f1_score
16-4-2,0.8387096774193549,0.9056603773584906
16-4-4,0.8709677419354839,0.9259259259259259
16-8-2,0.8709677419354839,0.9259259259259259
16-8-4,0.7741935483870968,0.8727272727272727
32-4-2,0.9032258064516129,0.9454545454545454
32-4-4,0.8064516129032258,0.8928571428571429
32-8-2,0.8709677419354839,0.9259259259259259
32-8-4,0.8387096774193549,0.9056603773584906
