params,accuracy,f1_score
16-4-2,0.971830985915493,0.9761904761904762
16-4-4,0.9859154929577465,0.9882352941176471
16-8-2,0.9577464788732394,0.9655172413793104
16-8-4,0.9577464788732394,0.9655172413793104
32-4-2,0.9295774647887324,0.9425287356321839
32-4-4,0.971830985915493,0.9767441860465116
32-8-2,0.9436619718309859,0.9534883720930233
32-8-4,0.9577464788732394,0.963855421686747
