params,accuracy,f1_score
16-4-2,0.9014084507042254,0.9176470588235294
16-4-4,0.9436619718309859,0.9512195121951219
16-8-2,0.9154929577464789,0.9285714285714286
16-8-4,0.9154929577464789,0.926829268292683
32-4-2,0.9014084507042254,0.9176470588235294
32-4-4,0.9154929577464789,0.926829268292683
32-8-2,0.9436619718309859,0.9523809523809523
32-8-4,0.9295774647887324,0.9397590361445783
