params,accuracy,f1_score
16-4-2,0.7,0.7222222222222222
16-4-4,0.94,0.9375
16-8-2,0.82,0.8301886792452831
16-8-4,0.87,0.8470588235294118
32-4-2,0.75,0.7252747252747253
32-4-4,0.71,0.6233766233766234
32-8-2,0.75,0.7368421052631579
32-8-4,0.73,0.6966292134831461
