params,accuracy,f1_score
16-4-2,0.65,0.6788990825688074
16-4-4,0.61,0.6722689075630253
16-8-2,0.65,0.6153846153846154
16-8-4,0.65,0.6153846153846154
32-4-2,0.64,0.6
32-4-4,0.68,0.5151515151515151
32-8-2,0.71,0.6506024096385542
32-8-4,0.64,0.6086956521739131
