params,accuracy,f1_score
16-4-2,0.6666666666666666,0.7777777777777778
16-4-4,0.9166666666666666,0.9333333333333333
16-8-2,0.5833333333333334,0.7368421052631579
16-8-4,0.5833333333333334,0.7368421052631579
32-4-2,0.8333333333333334,0.8571428571428571
32-4-4,0.9166666666666666,0.9230769230769231
32-8-2,0.6666666666666666,0.7777777777777778
32-8-4,0.8333333333333334,0.8571428571428571
