params,accuracy,f1_score
16-4-2,0.9166666666666666,0.9230769230769231
16-4-4,0.8333333333333334,0.8333333333333334
16-8-2,0.9166666666666666,0.9230769230769231
16-8-4,0.8333333333333334,0.8571428571428571
32-4-2,0.9166666666666666,0.9230769230769231
32-4-4,0.9166666666666666,0.9230769230769231
32-8-2,0.8333333333333334,0.8571428571428571
32-8-4,0.8333333333333334,0.8571428571428571
