params,accuracy,f1_score
32-4-2,0.6111111111111112,0.5882352941176471
32-4-4,0.7222222222222222,0.6666666666666666
32-8-2,0.6666666666666666,0.625
32-8-4,0.6111111111111112,0.5882352941176471
64-4-2,0.6666666666666666,0.625
64-4-4,0.6666666666666666,0.625
64-8-2,0.6666666666666666,0.625
64-8-4,0.7222222222222222,0.6666666666666666
128-4-2,0.6111111111111112,0.631578947368421
128-4-4,0.7777777777777778,0.75
128-8-2,0.7222222222222222,0.6666666666666666
128-8-4,0.6666666666666666,0.625
