params,accuracy,f1_score
16-4-2,0.8333333333333334,0.7272727272727273
16-4-4,0.7222222222222222,0.4444444444444444
16-8-2,0.8333333333333334,0.7272727272727273
16-8-4,0.7222222222222222,0.4444444444444444
32-4-2,0.8333333333333334,0.7272727272727273
32-4-4,0.7222222222222222,0.4444444444444444
32-8-2,0.8333333333333334,0.7272727272727273
32-8-4,0.8333333333333334,0.7272727272727273
