params,accuracy,f1_score
16-4-2,0.7272727272727273,0.7692307692307693
16-4-4,0.6818181818181818,0.72
16-8-2,0.6818181818181818,0.72
16-8-4,0.7272727272727273,0.8
32-4-2,0.6363636363636364,0.6666666666666666
32-4-4,0.8181818181818182,0.8571428571428571
32-8-2,0.7727272727272727,0.8148148148148148
32-8-4,0.6818181818181818,0.72
