params,accuracy,f1_score
16-4-2,0.7272727272727273,0.7272727272727273
16-4-4,0.7727272727272727,0.782608695652174
16-8-2,0.9090909090909091,0.9090909090909091
16-8-4,0.8636363636363636,0.8421052631578947
32-4-2,0.6818181818181818,0.6666666666666666
32-4-4,0.6363636363636364,0.6363636363636364
32-8-2,0.7272727272727273,0.6666666666666666
32-8-4,0.7727272727272727,0.7619047619047619
