params,accuracy,f1_score
16-4-2,1.0,1.0
16-4-4,0.9615384615384616,0.9629629629629629
16-8-2,1.0,1.0
16-8-4,1.0,1.0
32-4-2,1.0,1.0
32-4-4,0.9615384615384616,0.9629629629629629
32-8-2,1.0,1.0
32-8-4,1.0,1.0
