params,accuracy,f1_score
32-4-2,0.0,0.0
32-4-4,0.2857142857142857,0.0
32-8-2,0.14285714285714285,0.0
32-8-4,0.2857142857142857,0.0
64-4-2,0.42857142857142855,0.3333333333333333
64-4-4,0.0,0.0
64-8-2,0.2857142857142857,0.0
64-8-4,0.0,0.0
128-4-2,0.14285714285714285,0.0
128-4-4,0.14285714285714285,0.0
128-8-2,0.14285714285714285,0.0
128-8-4,0.0,0.0
