params,accuracy,f1_score
16-4-2,0.2857142857142857,0.4444444444444444
16-4-4,0.2857142857142857,0.4444444444444444
16-8-2,0.2857142857142857,0.2857142857142857
16-8-4,0.2857142857142857,0.4444444444444444
32-4-2,0.14285714285714285,0.25
32-4-4,0.14285714285714285,0.25
32-8-2,0.14285714285714285,0.25
32-8-4,0.14285714285714285,0.25
