params,accuracy,f1_score
16-4-2,0.82,0.8163265306122449
16-4-4,0.82,0.8085106382978723
16-8-2,0.82,0.8163265306122449
16-8-4,0.84,0.8095238095238095
32-4-2,0.84,0.8181818181818182
32-4-4,0.84,0.8095238095238095
32-8-2,0.82,0.8085106382978723
32-8-4,0.82,0.8163265306122449
