params,accuracy,f1_score
16-4-2,0.975,0.9787234042553191
16-4-4,0.975,0.9787234042553191
16-8-2,1.0,1.0
16-8-4,0.975,0.9787234042553191
32-4-2,1.0,1.0
32-4-4,0.975,0.9795918367346939
32-8-2,1.0,1.0
32-8-4,1.0,1.0
