params,accuracy,f1_score
32-4-2,0.86,0.8571428571428571
32-4-4,0.88,0.875
32-8-2,0.86,0.8571428571428571
32-8-4,0.86,0.851063829787234
64-4-2,0.86,0.8627450980392157
64-4-4,0.88,0.88
64-8-2,0.88,0.875
64-8-4,0.86,0.8627450980392157
128-4-2,0.86,0.8679245283018868
128-4-4,0.84,0.84
128-8-2,0.82,0.8235294117647058
128-8-4,0.86,0.8627450980392157
