params,accuracy,f1_score
16-4-2,0.6989247311827957,0.5625
16-4-4,0.6559139784946236,0.42857142857142855
16-8-2,0.6881720430107527,0.5084745762711864
16-8-4,0.6774193548387096,0.5
32-4-2,0.6774193548387096,0.4230769230769231
32-4-4,0.7096774193548387,0.47058823529411764
32-8-2,0.6021505376344086,0.05128205128205128
32-8-4,0.7311827956989247,0.647887323943662
