params,accuracy,f1_score
16-4-2,0.6559139784946236,0.0
16-4-4,0.6559139784946236,0.30434782608695654
16-8-2,0.6344086021505376,0.10526315789473684
16-8-4,0.6344086021505376,0.43333333333333335
32-4-2,0.6344086021505376,0.19047619047619047
32-4-4,0.6129032258064516,0.4857142857142857
32-8-2,0.6451612903225806,0.26666666666666666
32-8-4,0.7096774193548387,0.5423728813559322
