params,accuracy,f1_score
16-4-2,0.7857142857142857,0.7804878048780488
16-4-4,0.7619047619047619,0.7368421052631579
16-8-2,0.7857142857142857,0.7906976744186046
16-8-4,0.6904761904761905,0.6666666666666666
32-4-2,0.7142857142857143,0.6666666666666666
32-4-4,0.7619047619047619,0.7368421052631579
32-8-2,0.7380952380952381,0.717948717948718
32-8-4,0.7619047619047619,0.7222222222222222
