params,accuracy,f1_score
16-4-2,0.7857142857142857,0.7804878048780488
16-4-4,0.8333333333333334,0.8372093023255814
16-8-2,0.8571428571428571,0.8636363636363636
16-8-4,0.8095238095238095,0.8095238095238095
32-4-2,0.8333333333333334,0.8444444444444444
32-4-4,0.7619047619047619,0.7619047619047619
32-8-2,0.8333333333333334,0.8372093023255814
32-8-4,0.8095238095238095,0.8095238095238095
