params,accuracy,f1_score
16-4-2,0.6571428571428571,0.7735849056603774
16-4-4,0.6428571428571429,0.7787610619469026
16-8-2,0.6428571428571429,0.7663551401869159
16-8-4,0.6714285714285714,0.7850467289719626
32-4-2,0.7142857142857143,0.8
32-4-4,0.7285714285714285,0.8080808080808081
32-8-2,0.6714285714285714,0.7766990291262136
32-8-4,0.7142857142857143,0.7872340425531915
