params,accuracy,f1_score
16-4-2,0.7222222222222222,0.8387096774193549
16-4-4,0.7962962962962963,0.8735632183908046
16-8-2,0.7962962962962963,0.8735632183908046
16-8-4,0.7222222222222222,0.8387096774193549
32-4-2,0.7222222222222222,0.8387096774193549
32-4-4,0.7962962962962963,0.8705882352941177
32-8-2,0.8148148148148148,0.8809523809523809
32-8-4,0.8148148148148148,0.8837209302325582
