params,accuracy,f1_score
16-4-2,0.7571428571428571,0.8617886178861789
16-4-4,0.7571428571428571,0.8617886178861789
16-8-2,0.7571428571428571,0.8617886178861789
16-8-4,0.7571428571428571,0.8617886178861789
32-4-2,0.7571428571428571,0.8617886178861789
32-4-4,0.7571428571428571,0.8617886178861789
32-8-2,0.7571428571428571,0.8617886178861789
32-8-4,0.7571428571428571,0.8617886178861789
