params,accuracy,f1_score
16-4-2,0.8518518518518519,0.9130434782608695
16-4-4,0.8333333333333334,0.898876404494382
16-8-2,0.8518518518518519,0.9130434782608695
16-8-4,0.8518518518518519,0.9130434782608695
32-4-2,0.7962962962962963,0.8764044943820225
32-4-4,0.8888888888888888,0.9361702127659575
32-8-2,0.8703703703703703,0.9230769230769231
32-8-4,0.8518518518518519,0.9130434782608695
