params,accuracy,f1_score
50-4-0.01,0.6,0.0
50-10-0.01,0.6,0.0
50-4-0.05,0.7,0.5
50-10-0.05,0.7,0.5
50-4-0.1,0.65,0.46153846153846156
50-10-0.1,0.7,0.5
100-4-0.01,0.7,0.4
100-10-0.01,0.7,0.4
100-4-0.05,0.65,0.46153846153846156
100-10-0.05,0.7,0.5
100-4-0.1,0.7,0.5714285714285714
100-10-0.1,0.7,0.5714285714285714
200-4-0.01,0.7,0.5
200-10-0.01,0.7,0.5
200-4-0.05,0.7,0.5714285714285714
200-10-0.05,0.7,0.5714285714285714
200-4-0.1,0.7,0.5714285714285714
200-10-0.1,0.7,0.5714285714285714
