params,accuracy,f1_score
50-0.1,0.7894736842105263,0.3333333333333333
50-0.2,0.7894736842105263,0.3333333333333333
100-0.1,0.7894736842105263,0.3333333333333333
100-0.2,0.7894736842105263,0.3333333333333333
