params,accuracy,f1_score
50-0.1,0.5,0.2857142857142857
50-0.2,0.5,0.2857142857142857
100-0.1,0.5,0.2857142857142857
100-0.2,0.5,0.2857142857142857
