params,accuracy,f1_score
50-0.1,0.85,0.5714285714285714
50-0.2,0.85,0.5714285714285714
100-0.1,0.85,0.5714285714285714
100-0.2,0.85,0.5714285714285714
