params,accuracy,f1_score
50-0.05,0.8181818181818182,0.8333333333333334
50-0.2,0.8181818181818182,0.8333333333333334
50-0.5,0.8181818181818182,0.8333333333333334
100-0.05,0.8181818181818182,0.8333333333333334
100-0.2,0.8181818181818182,0.8333333333333334
100-0.5,0.8181818181818182,0.8333333333333334
200-0.05,0.8181818181818182,0.8333333333333334
200-0.2,0.8181818181818182,0.8333333333333334
200-0.5,0.8181818181818182,0.8333333333333334
