params,accuracy,f1_score
50-0.1,0.7083333333333334,0.7878787878787878
50-0.2,0.7083333333333334,0.7741935483870968
100-0.1,0.75,0.8125
100-0.2,0.75,0.8
