params,accuracy,f1_score
50-0.1,0.7777777777777778,0.8125
50-0.2,0.7777777777777778,0.8125
100-0.1,0.7777777777777778,0.8125
100-0.2,0.7777777777777778,0.8125
