params,accuracy,f1_score
50-0.05,0.8333333333333334,0.875
50-0.2,0.875,0.896551724137931
50-0.5,0.8333333333333334,0.8666666666666667
100-0.05,0.875,0.9032258064516129
100-0.2,0.8333333333333334,0.8666666666666667
100-0.5,0.875,0.9032258064516129
200-0.05,0.875,0.9032258064516129
200-0.2,0.8333333333333334,0.8666666666666667
200-0.5,0.8333333333333334,0.8666666666666667
