params,accuracy,f1_score
50-0.1,0.8181818181818182,0.8
50-0.2,0.8181818181818182,0.8
100-0.1,0.8181818181818182,0.8
100-0.2,0.8181818181818182,0.8
