params,accuracy,f1_score
50-0.1,0.8235294117647058,0.8235294117647058
50-0.2,0.8235294117647058,0.8235294117647058
100-0.1,0.8235294117647058,0.8235294117647058
100-0.2,0.8823529411764706,0.8888888888888888
