params,accuracy,f1_score
50-0.05,0.8421052631578947,0.4
50-0.2,0.8421052631578947,0.4
50-0.5,0.7894736842105263,0.3333333333333333
100-0.05,0.8421052631578947,0.4
100-0.2,0.8421052631578947,0.4
100-0.5,0.8421052631578947,0.5714285714285714
200-0.05,0.8421052631578947,0.4
200-0.2,0.8421052631578947,0.5714285714285714
200-0.5,0.8421052631578947,0.5714285714285714
