params,accuracy,f1_score
50-0.05,0.7647058823529411,0.75
50-0.2,0.7647058823529411,0.75
50-0.5,0.6470588235294118,0.625
100-0.05,0.7647058823529411,0.75
100-0.2,0.6470588235294118,0.625
100-0.5,0.7647058823529411,0.75
200-0.05,0.7058823529411765,0.7058823529411765
200-0.2,0.7058823529411765,0.6666666666666666
200-0.5,0.7647058823529411,0.75
