params,accuracy,f1_score
50-0.05,0.8148148148148148,0.8648648648648649
50-0.2,0.8148148148148148,0.8648648648648649
50-0.5,0.6666666666666666,0.7272727272727273
100-0.05,0.7777777777777778,0.8235294117647058
100-0.2,0.6666666666666666,0.7272727272727273
100-0.5,0.7037037037037037,0.7333333333333333
200-0.05,0.8148148148148148,0.8648648648648649
200-0.2,0.7037037037037037,0.75
200-0.5,0.7037037037037037,0.7333333333333333
