params,accuracy,f1_score
50-0.05,0.9622641509433962,0.75
50-0.2,0.9622641509433962,0.75
50-0.5,0.9622641509433962,0.75
100-0.05,0.9622641509433962,0.75
100-0.2,0.9622641509433962,0.75
100-0.5,0.9622641509433962,0.75
200-0.05,0.9622641509433962,0.75
200-0.2,0.9622641509433962,0.75
200-0.5,0.9622641509433962,0.75
