params,accuracy,f1_score
50-0.1,0.95,0.9565217391304348
50-0.2,0.95,0.9565217391304348
100-0.1,0.95,0.9565217391304348
100-0.2,0.95,0.9565217391304348
