params,accuracy,f1_score
50-0.1,0.8888888888888888,0.6666666666666666
50-0.2,0.8888888888888888,0.6666666666666666
100-0.1,0.8888888888888888,0.6666666666666666
100-0.2,0.8888888888888888,0.6666666666666666
