params,accuracy,f1_score
50-0.05,0.7777777777777778,0.6666666666666666
50-0.2,0.6666666666666666,0.5714285714285714
50-0.5,0.6666666666666666,0.5714285714285714
100-0.05,0.7777777777777778,0.6666666666666666
100-0.2,0.6666666666666666,0.5714285714285714
100-0.5,0.6666666666666666,0.5714285714285714
200-0.05,0.6666666666666666,0.5714285714285714
200-0.2,0.6666666666666666,0.5714285714285714
200-0.5,0.6666666666666666,0.5714285714285714
