params,accuracy,f1_score
50-0.1,0.8636363636363636,0.0
50-0.2,0.8636363636363636,0.0
100-0.1,0.8636363636363636,0.0
100-0.2,0.8636363636363636,0.0
