params,accuracy,f1_score
50-0.05,0.9545454545454546,0.6666666666666666
50-0.2,0.9090909090909091,0.5
50-0.5,0.8636363636363636,0.4
100-0.05,0.9090909090909091,0.5
100-0.2,0.9090909090909091,0.5
100-0.5,0.8636363636363636,0.4
200-0.05,0.9090909090909091,0.5
200-0.2,0.9090909090909091,0.5
200-0.5,0.8636363636363636,0.4
