params,accuracy,f1_score
50-0.05,0.7222222222222222,0.0
50-0.2,0.6666666666666666,0.0
50-0.5,0.6944444444444444,0.26666666666666666
100-0.05,0.7222222222222222,0.0
100-0.2,0.7222222222222222,0.2857142857142857
100-0.5,0.6944444444444444,0.26666666666666666
200-0.05,0.6666666666666666,0.0
200-0.2,0.7222222222222222,0.2857142857142857
200-0.5,0.7222222222222222,0.2857142857142857
