params,accuracy,f1_score
50-0.1,0.7777777777777778,0.0
50-0.2,0.7777777777777778,0.0
100-0.1,0.7777777777777778,0.0
100-0.2,0.75,0.0
