params,accuracy,f1_score
50-0.1,0.8571428571428571,0.896551724137931
50-0.2,0.8571428571428571,0.896551724137931
100-0.1,0.8571428571428571,0.896551724137931
100-0.2,0.8571428571428571,0.896551724137931
