params,accuracy,f1_score
50-0.05,0.9047619047619048,0.9333333333333333
50-0.2,0.9285714285714286,0.9491525423728814
50-0.5,0.9761904761904762,0.9824561403508771
100-0.05,0.9047619047619048,0.9333333333333333
100-0.2,0.9761904761904762,0.9824561403508771
100-0.5,0.9761904761904762,0.9824561403508771
200-0.05,0.9285714285714286,0.9491525423728814
200-0.2,0.9761904761904762,0.9824561403508771
200-0.5,0.9523809523809523,0.9655172413793104
