params,accuracy,f1_score
50-0.05,0.7413793103448276,0.34782608695652173
50-0.2,0.6896551724137931,0.4
50-0.5,0.6206896551724138,0.35294117647058826
100-0.05,0.7241379310344828,0.38461538461538464
100-0.2,0.603448275862069,0.30303030303030304
100-0.5,0.603448275862069,0.34285714285714286
200-0.05,0.6896551724137931,0.4
200-0.2,0.603448275862069,0.30303030303030304
200-0.5,0.6206896551724138,0.35294117647058826
