params,accuracy,f1_score
50-0.1,0.7586206896551724,0.4166666666666667
50-0.2,0.7241379310344828,0.38461538461538464
100-0.1,0.7241379310344828,0.38461538461538464
100-0.2,0.7413793103448276,0.4444444444444444
