params,accuracy,f1_score
50-0.05,0.5797101449275363,0.49122807017543857
50-0.2,0.5362318840579711,0.4838709677419355
50-0.5,0.4927536231884058,0.4927536231884058
100-0.05,0.5652173913043478,0.5
100-0.2,0.4927536231884058,0.4444444444444444
100-0.5,0.5072463768115942,0.48484848484848486
200-0.05,0.5652173913043478,0.5161290322580645
200-0.2,0.4927536231884058,0.4927536231884058
200-0.5,0.4927536231884058,0.47761194029850745
