params,accuracy,f1_score
50-0.1,0.6956521739130435,0.6865671641791045
50-0.2,0.6086956521739131,0.6086956521739131
100-0.1,0.6521739130434783,0.6571428571428571
100-0.2,0.6376811594202898,0.6268656716417911
