params,accuracy,f1_score
50-4-0.01,0.9375,0.9090909090909091
50-10-0.01,0.9375,0.9090909090909091
50-4-0.05,1.0,1.0
50-10-0.05,1.0,1.0
50-4-0.1,1.0,1.0
50-10-0.1,1.0,1.0
100-4-0.01,1.0,1.0
100-10-0.01,1.0,1.0
100-4-0.05,1.0,1.0
100-10-0.05,1.0,1.0
100-4-0.1,1.0,1.0
100-10-0.1,1.0,1.0
200-4-0.01,1.0,1.0
200-10-0.01,1.0,1.0
200-4-0.05,1.0,1.0
200-10-0.05,1.0,1.0
200-4-0.1,1.0,1.0
200-10-0.1,1.0,1.0
