params,accuracy,f1_score
50-0.1,0.8484848484848485,0.8387096774193549
50-0.2,0.8181818181818182,0.8125
100-0.1,0.8484848484848485,0.8387096774193549
100-0.2,0.8181818181818182,0.8125
