params,accuracy,f1_score
50-0.05,0.7878787878787878,0.7586206896551724
50-0.2,0.9090909090909091,0.9032258064516129
50-0.5,0.8787878787878788,0.875
100-0.05,0.8787878787878788,0.8571428571428571
100-0.2,0.9090909090909091,0.9032258064516129
100-0.5,0.9090909090909091,0.9090909090909091
200-0.05,0.9393939393939394,0.9333333333333333
200-0.2,0.8787878787878788,0.8823529411764706
200-0.5,0.9090909090909091,0.9090909090909091
