params,accuracy,f1_score
50-0.1,0.7580645161290323,0.4
50-0.2,0.7580645161290323,0.4444444444444444
100-0.1,0.7741935483870968,0.46153846153846156
100-0.2,0.7580645161290323,0.4444444444444444
