params,accuracy,f1_score
50-0.05,0.7741935483870968,0.4166666666666667
50-0.2,0.7903225806451613,0.48
50-0.5,0.8064516129032258,0.5384615384615384
100-0.05,0.7903225806451613,0.48
100-0.2,0.8064516129032258,0.5714285714285714
100-0.5,0.8064516129032258,0.5384615384615384
200-0.05,0.8064516129032258,0.5
200-0.2,0.7903225806451613,0.5185185185185185
200-0.5,0.7903225806451613,0.5185185185185185
