params,accuracy,f1_score
50-0.05,0.9032258064516129,0.9473684210526315
50-0.2,0.9032258064516129,0.9473684210526315
50-0.5,0.8387096774193549,0.9122807017543859
100-0.05,0.8709677419354839,0.9285714285714286
100-0.2,0.9032258064516129,0.9473684210526315
100-0.5,0.7741935483870968,0.8727272727272727
200-0.05,0.8387096774193549,0.9122807017543859
200-0.2,0.8387096774193549,0.9122807017543859
200-0.5,0.8064516129032258,0.8928571428571429
