params,accuracy,f1_score
50-0.1,0.9032258064516129,0.9411764705882353
50-0.2,0.8709677419354839,0.92
100-0.1,0.8709677419354839,0.92
100-0.2,0.8064516129032258,0.88
