params,accuracy,f1_score
50-0.05,0.9154929577464789,0.9387755102040817
50-0.2,0.971830985915493,0.9787234042553191
50-0.5,0.9436619718309859,0.9574468085106383
100-0.05,0.9436619718309859,0.9583333333333334
100-0.2,0.9436619718309859,0.9574468085106383
100-0.5,0.9295774647887324,0.9473684210526315
200-0.05,0.9436619718309859,0.9583333333333334
200-0.2,0.9436619718309859,0.9574468085106383
200-0.5,0.9154929577464789,0.9375
