params,accuracy,f1_score
50-0.1,0.9166666666666666,0.9411764705882353
50-0.2,0.9166666666666666,0.9411764705882353
100-0.1,0.9166666666666666,0.9411764705882353
100-0.2,0.9166666666666666,0.9411764705882353
