params,accuracy,f1_score
50-0.05,0.9166666666666666,0.9333333333333333
50-0.2,0.9166666666666666,0.9333333333333333
50-0.5,1.0,1.0
100-0.05,0.8333333333333334,0.875
100-0.2,0.9166666666666666,0.9333333333333333
100-0.5,1.0,1.0
200-0.05,1.0,1.0
200-0.2,1.0,1.0
200-0.5,1.0,1.0
