params,accuracy,f1_score
50-0.1,0.7222222222222222,0.5454545454545454
50-0.2,0.6666666666666666,0.5
100-0.1,0.6666666666666666,0.5
100-0.2,0.6666666666666666,0.5
