params,accuracy,f1_score
50-0.1,0.9090909090909091,0.875
50-0.2,0.9090909090909091,0.875
100-0.1,0.9090909090909091,0.875
100-0.2,0.9090909090909091,0.875
