params,accuracy,f1_score
50-0.05,0.9545454545454546,0.9565217391304348
50-0.2,0.9090909090909091,0.9166666666666666
50-0.5,0.9090909090909091,0.9166666666666666
100-0.05,0.9545454545454546,0.9565217391304348
100-0.2,0.8636363636363636,0.8695652173913043
100-0.5,0.8636363636363636,0.8695652173913043
200-0.05,0.9090909090909091,0.9166666666666666
200-0.2,0.8636363636363636,0.8695652173913043
200-0.5,0.9090909090909091,0.9090909090909091
