params,accuracy,f1_score
50-0.05,0.6923076923076923,0.7333333333333333
50-0.2,0.8461538461538461,0.8461538461538461
50-0.5,0.9230769230769231,0.9166666666666666
100-0.05,0.8461538461538461,0.8461538461538461
100-0.2,0.8461538461538461,0.8461538461538461
100-0.5,0.9230769230769231,0.9166666666666666
200-0.05,0.8461538461538461,0.8461538461538461
200-0.2,0.9230769230769231,0.9166666666666666
200-0.5,0.9230769230769231,0.9166666666666666
