params,accuracy,f1_score
50-4-0.01,0.8846153846153846,0.8888888888888888
50-10-0.01,0.8846153846153846,0.8888888888888888
50-4-0.05,1.0,1.0
50-10-0.05,1.0,1.0
50-4-0.1,1.0,1.0
50-10-0.1,1.0,1.0
100-4-0.01,0.9615384615384616,0.9655172413793104
100-10-0.01,0.9615384615384616,0.9655172413793104
100-4-0.05,1.0,1.0
100-10-0.05,1.0,1.0
100-4-0.1,1.0,1.0
100-10-0.1,1.0,1.0
200-4-0.01,1.0,1.0
200-10-0.01,1.0,1.0
200-4-0.05,1.0,1.0
200-10-0.05,1.0,1.0
200-4-0.1,1.0,1.0
200-10-0.1,1.0,1.0
