params,accuracy,f1_score
50-0.1,0.7307692307692307,0.7741935483870968
50-0.2,0.7307692307692307,0.7741935483870968
100-0.1,0.7307692307692307,0.7741935483870968
100-0.2,0.8461538461538461,0.8666666666666667
