params,accuracy,f1_score
50-0.1,0.14285714285714285,0.0
50-0.2,0.14285714285714285,0.0
100-0.1,0.14285714285714285,0.0
100-0.2,0.14285714285714285,0.0
