params,accuracy,f1_score
50-0.05,0.8888888888888888,0.0
50-0.2,0.6666666666666666,0.0
50-0.5,0.5555555555555556,0.0
100-0.05,0.7222222222222222,0.0
100-0.2,0.6111111111111112,0.0
100-0.5,0.6111111111111112,0.0
200-0.05,0.6666666666666666,0.0
200-0.2,0.6111111111111112,0.0
200-0.5,0.5,0.0
