params,accuracy,f1_score
50-0.1,0.92,0.9090909090909091
50-0.2,0.88,0.85
100-0.1,0.9,0.8780487804878049
100-0.2,0.88,0.8571428571428571
