params,accuracy,f1_score
50-0.05,0.9,0.875
50-0.2,0.925,0.9032258064516129
50-0.5,0.925,0.9032258064516129
100-0.05,0.925,0.9032258064516129
100-0.2,0.925,0.9032258064516129
100-0.5,0.925,0.9032258064516129
200-0.05,0.925,0.9032258064516129
200-0.2,0.925,0.9032258064516129
200-0.5,0.925,0.9032258064516129
