params,accuracy,f1_score
50-0.1,0.85,0.8571428571428571
50-0.2,0.925,0.9230769230769231
100-0.1,0.925,0.9230769230769231
100-0.2,0.95,0.9473684210526315
