params,accuracy,f1_score
50-0.05,0.9,0.8936170212765957
50-0.2,0.9,0.8936170212765957
50-0.5,0.9,0.8888888888888888
100-0.05,0.88,0.875
100-0.2,0.9,0.8888888888888888
100-0.5,0.9,0.8888888888888888
200-0.05,0.9,0.8936170212765957
200-0.2,0.9,0.8888888888888888
200-0.5,0.88,0.8636363636363636
