params,accuracy,f1_score
50-0.05,0.6774193548387096,0.4230769230769231
50-0.2,0.7096774193548387,0.5573770491803278
50-0.5,0.6344086021505376,0.5142857142857142
100-0.05,0.6989247311827957,0.5333333333333333
100-0.2,0.6666666666666666,0.5373134328358209
100-0.5,0.6129032258064516,0.4375
200-0.05,0.6989247311827957,0.5625
200-0.2,0.6344086021505376,0.45161290322580644
200-0.5,0.5913978494623656,0.40625
