params,accuracy,f1_score
50-0.1,0.7634408602150538,0.6451612903225806
50-0.2,0.7419354838709677,0.6129032258064516
100-0.1,0.7204301075268817,0.59375
100-0.2,0.6989247311827957,0.5483870967741935
