params,accuracy,f1_score
50-0.1,0.8571428571428571,0.85
50-0.2,0.8809523809523809,0.8780487804878049
100-0.1,0.8809523809523809,0.8780487804878049
100-0.2,0.8809523809523809,0.8780487804878049
