params,accuracy,f1_score
50-0.05,0.7619047619047619,0.7222222222222222
50-0.2,0.8571428571428571,0.85
50-0.5,0.8333333333333334,0.8205128205128205
100-0.05,0.8333333333333334,0.8205128205128205
100-0.2,0.8571428571428571,0.85
100-0.5,0.8333333333333334,0.8205128205128205
200-0.05,0.8571428571428571,0.85
200-0.2,0.8571428571428571,0.85
200-0.5,0.8333333333333334,0.8205128205128205
