params,accuracy,f1_score
50-0.05,0.8142857142857143,0.8785046728971962
50-0.2,0.8571428571428571,0.9
50-0.5,0.8714285714285714,0.9090909090909091
100-0.05,0.8,0.8679245283018868
100-0.2,0.8714285714285714,0.9090909090909091
100-0.5,0.8714285714285714,0.9090909090909091
200-0.05,0.8285714285714286,0.88
200-0.2,0.8714285714285714,0.9090909090909091
200-0.5,0.8571428571428571,0.8979591836734694
