params,accuracy,f1_score
50-0.1,0.9142857142857143,0.9464285714285714
50-0.2,0.9285714285714286,0.954954954954955
100-0.1,0.9428571428571428,0.9636363636363636
100-0.2,0.9571428571428572,0.972972972972973
