params,accuracy,f1_score
50-0.05,0.9259259259259259,0.9615384615384616
50-0.2,0.8148148148148148,0.8979591836734694
50-0.5,0.8148148148148148,0.8958333333333334
100-0.05,0.8703703703703703,0.9306930693069307
100-0.2,0.7962962962962963,0.8865979381443299
100-0.5,0.7962962962962963,0.8842105263157894
200-0.05,0.7962962962962963,0.8865979381443299
200-0.2,0.7962962962962963,0.8842105263157894
200-0.5,0.7962962962962963,0.8842105263157894
