params,accuracy,f1_score
50-0.1,0.9074074074074074,0.945054945054945
50-0.2,0.9074074074074074,0.945054945054945
100-0.1,0.8703703703703703,0.9213483146067416
100-0.2,0.8703703703703703,0.9213483146067416
